,Close,Volume,MA20,MA50,MA200,Close,Volume,Close,Volume,Close,Volume,Close,Volume,Close,Volume,Close,Volume,Close,Volume,Close,Volume,Close,Volume,Close,Volume,Close,Volume,Close,Volume,Close,Volume,Close,Volume,Close,Volume,Close,Volume,Close,Volume,Close,Volume,Close,Volume
,AMZN,AMZN,,,,GOOG,GOOG,ASML,ASML,TSLA,TSLA,RKLB,RKLB,CRM,CRM,NIO,NIO,CRWV,CRWV,NVDA,NVDA,JD,JD,HIMS,HIMS,SOFI,SOFI,EFX,EFX,META,META,PLTR,PLTR,ONDS,ONDS,CRCL,CRCL,NFLX,NFLX,QQQ,QQQ,^NDX,^NDX
AMZN,246.14999389648438,31955500.0,253.29199981689453,256.1533999633789,,,,,,,,,,,,,,,,,,,,,,,,,,,,,,,,,,,,,,,
GOOG,,,338.57201995849607,341.7126843261719,,339.1600036621094,13820900.0,,,,,,,,,,,,,,,,,,,,,,,,,,,,,,,,,,,,
ASML,,,1690.2370056152345,1717.7764624023437,,,,1771.4100341796875,1368800.0,,,,,,,,,,,,,,,,,,,,,,,,,,,,,,,,,,
TSLA,,,366.11949768066404,347.7807983398437,,,,,,357.45001220703125,39347100.0,,,,,,,,,,,,,,,,,,,,,,,,,,,,,,,,
RKLB,,,66.28000011444092,69.57720001220703,,,,,,,,72.19000244140625,14954600.0,,,,,,,,,,,,,,,,,,,,,,,,,,,,,,
CRM,,,246.4035430908203,214.50104675292968,,,,,,,,,,227.27000427246094,10263200.0,,,,,,,,,,,,,,,,,,,,,,,,,,,,
NIO,,,3.727999985218048,4.261599993705749,,,,,,,,,,,,3.5899999141693115,23940400.0,,,,,,,,,,,,,,,,,,,,,,,,,,
CRWV,,,86.24199981689453,86.00000030517577,,,,,,,,,,,,,,85.06999969482422,19541000.0,,,,,,,,,,,,,,,,,,,,,,,,
NVDA,,,222.23221282958986,216.32029876708984,,,,,,,,,,,,,,,,228.86000061035156,141544300.0,,,,,,,,,,,,,,,,,,,,,,
JD,,,27.261499977111818,29.33260021209717,,,,,,,,,,,,,,,,,,26.610000610351562,5599000.0,,,,,,,,,,,,,,,,,,,,
HIMS,,,28.47200002670288,29.553800048828126,,,,,,,,,,,,,,,,,,,,28.780000686645508,6460400.0,,,,,,,,,,,,,,,,,,
SOFI,,,17.23049964904785,17.556999816894532,,,,,,,,,,,,,,,,,,,,,,15.930000305175781,58283800.0,,,,,,,,,,,,,,,,
EFX,,,167.16749877929686,175.69890380859374,,,,,,,,,,,,,,,,,,,,,,,,145.77999877929688,2323500.0,,,,,,,,,,,,,,
META,,,667.3890594482422,616.7223864746094,,,,,,,,,,,,,,,,,,,,,,,,,,715.6199951171875,27713500.0,,,,,,,,,,,,
PLTR,,,178.46199951171874,165.0287991333008,,,,,,,,,,,,,,,,,,,,,,,,,,,,187.47999572753906,17407900.0,,,,,,,,,,
ONDS,,,7.440749955177307,8.0228999710083,,,,,,,,,,,,,,,,,,,,,,,,,,,,,,7.679999828338623,52785900.0,,,,,,,,
CRCL,,,91.93400001525879,80.0997999572754,,,,,,,,,,,,,,,,,,,,,,,,,,,,,,,,85.80000305175781,9731300.0,,,,,,
NFLX,,,76.12150077819824,75.54259994506836,,,,,,,,,,,,,,,,,,,,,,,,,,,,,,,,,,69.2300033569336,43145800.0,,,,
QQQ,,,721.3597930908203,712.827607421875,,,,,,,,,,,,,,,,,,,,,,,,,,,,,,,,,,,,736.530029296875,41716200.0,,
^NDX,,,29662.762109375,29321.0261328125,,,,,,,,,,,,,,,,,,,,,,,,,,,,,,,,,,,,,,30276.810546875,7030730000.0
